model,n,auc_full,auc_blood,mean_delta,sd_delta,ci_low,ci_high,p_wilcoxon
LogReg,25,0.9436031840345566,0.9455398805987041,0.0019366965641475476,0.04059130233704505,-0.014818569537459568,0.018691962665754663,0.7049070479306541
RF,25,0.9812951928246045,0.9804645049939167,-8.306878306878353e-4,0.006892236223649885,-0.00367566311636615,0.002014287454990479,0.4550763560397052
